Counts,Name,Percent,Status
2218231,Khan,0.6300001050837531,Winner
704200,Correy,0.19999994319797126,Loser
492940,Li,0.13999996023857988,Loser
105630,O'Tooley,0.02999999147969569,Loser
